<?xml version="1.0" encoding="UTF-8"?>
<project-private xmlns="http://www.netbeans.org/ns/project-private/1">
    <editor-bookmarks xmlns="http://www.netbeans.org/ns/editor-bookmarks/2" lastBookmarkId="0"/>
    <open-files xmlns="http://www.netbeans.org/ns/projectui-open-files/2">
        <group>
            <file>file:/D:/Users/Mewp/Desktop/Lista%204,%20talvez%203/src/Retangulo.java</file>
            <file>file:/D:/Users/Mewp/Desktop/Lista%204,%20talvez%203/src/BuscaMenorMaior.java</file>
            <file>file:/D:/Users/Mewp/Desktop/Lista%204,%20talvez%203/src/RetanguloTeste.java</file>
            <file>file:/D:/Users/Mewp/Desktop/Lista%204,%20talvez%203/src/ConsumoMedio.java</file>
            <file>file:/D:/Users/Mewp/Desktop/Lista%204,%20talvez%203/src/BuscaMaiorMenorTeste.java</file>
            <file>file:/D:/Users/Mewp/Desktop/Lista%204,%20talvez%203/src/ConsumoMedioTeste.java</file>
        </group>
    </open-files>
</project-private>
